<?xml version="1.0" encoding="UTF-8"?>
<beans xmlns="http://www.springframework.org/schema/beans"
	xmlns:xsi="http://www.w3.org/2001/XMLSchema-instance"
	xmlns:p="http://www.springframework.org/schema/p"
	xmlns:context="http://www.springframework.org/schema/context"
	xsi:schemaLocation="
http://www.springframework.org/schema/beans
http://www.springframework.org/schema/beans/spring-beans-3.0.xsd
http://www.springframework.org/schema/context
http://www.springframework.org/schema/context/spring-context-3.0.xsd">
	
	
<!-- 예전에는 한땀한땀 다 뭐 해야 할 지 정리했었음 -->


	<!-- ※ Annotation 표기법으로 Controller 객체를 등록한다. -->
	<!--  	→ Annotation 표기법으로 작성된 Controller 객체를 -->
	<!--       스프링 컨테이너가 자동으로 알아서 스캔할 수 있도록 처리 -->
	
	<!-- ① 기존 코드 -->
	<!-- ※ Annotation 표기법으로 Controller 객체를 등록할 수 있도록 한다. -->
	<context:component-scan base-package="com.test.mybatis" />
	<!-- └→ mybatis 쓰기 위한 코드 아니고 Annotation 사용하기 위한 코드임 -->
	
	<!-- ③ mybatis 등록 과정에서 생겨나는 추가 코드 『2』 -->
	<!-- ※ mybatis 를 사용하기 위해 환경 설정을 추가하는 과정에서  -->
	<!--    필요한 dataSource 를 사용하기 위한 환경 설정 추가 -->
	<!-- sqlSessionFactory에게 property 넘기기 위해서 -->
	<bean id="localDataSource" class="org.springframework.jdbc.datasource.SimpleDriverDataSource">
		<property name="driverClass" value="oracle.jdbc.driver.OracleDriver"></property>
		<property name="url" value="jdbc:oracle:thin:@211.238.142.57:1521:xe"></property>
		<property name="username" value="scott"></property>
		<property name="password" value="tiger"></property>
	</bean>
	
	<!-- ② mybatis 등록 과정에서 생겨나는 추가 코드 『1』 -->
	<!-- ※ mybatis 를 사용하기 위한 환경 설정 추가 -->
	<!--    → SqlSessionFactoryBean 등록 -->
	<bean id="sqlSessionFactory" class="org.mybatis.spring.SqlSessionFactoryBean">
	
		<!-- dataSource랑 mapper 파일의 위치가 필수적으로 등록되어야 한다. -->
		
		<!-- ④ dataSource 를 등록하고 와서 다시 추가 -->
		<property name="dataSource" ref="localDataSource"></property>
		<!-- └→ dataSource, SimpleDataSource ... 등 connection 반환하는 거 아무거나 써도 상관없음 -->
		<!--      의존성 여기에 주입해주겠다는 구조 -->
		
		<!-- mapper 파일 등록하고 다시 와야한다. -->
		<!-- ⑤ 매퍼 파일을 작성하고 와서 다시 추가 -->
		<property name="mapperLocations" value="classpath:com/test/mybatis/mapper/*.xml"></property>
		<!-- └→ 위치를 직접 value값으로 넣어줌 -->
		
	</bean>
	
	<!-- ⑥ mybatis 등록 과정에서 생겨나는 추가 코드 『3』 -->
	<!-- ※ sqlSession 을 사용하기 위한 환경 설정 추가 -->
	<!--    → SqlSessionTemplate 등록 -->
	<!-- 우리가 매번 설정하기 귀찮으니까 mybatis에서 제공하는 template 사용 -->
	<bean id="sqlSession" class="org.mybatis.spring.SqlSessionTemplate">
		<!-- 생성자에게 값 넘겨줘야 할 거 있음 → property 아니고 constructor-arg 사용 -->
		<!-- └→ sqlSessionFactory 사용 -->
		<constructor-arg index="0" ref="sqlSessionFactory"></constructor-arg>
	</bean>
	
</beans>